{
  "by_framework_mode": {
    "kreuzberg-csharp:single": {
      "framework": "kreuzberg-csharp",
      "mode": "single",
      "cold_start": {
        "sample_count": 31,
        "p50_ms": 3831.880805,
        "p95_ms": 3831.880805,
        "p99_ms": 3831.880805
      },
      "by_file_type": {
        "pptx": {
          "file_type": "pptx",
          "no_ocr": {
            "sample_count": 3,
            "throughput": {
              "p50": 0.023574824443633832,
              "p95": 2.0203665417323315,
              "p99": 2.1978591388246604
            },
            "memory": {
              "p50": 7138.013184,
              "p95": 7252.3505664,
              "p99": 7262.5138892800005
            },
            "duration": {
              "p50": 1977.03224,
              "p95": 2048.4520595,
              "p99": 2054.8004878999996
            },
            "success_rate_percent": 100.0
          },
          "with_ocr": null
        },
        "pdf": {
          "file_type": "pdf",
          "no_ocr": {
            "sample_count": 13,
            "throughput": {
              "p50": 0.1082107212767842,
              "p95": 0.877317214646204,
              "p99": 1.0760740371268755
            },
            "memory": {
              "p50": 7391.432704,
              "p95": 8786.036326399997,
              "p99": 9750.862561279997
            },
            "duration": {
              "p50": 2157.0803330000003,
              "p95": 12643.898759399981,
              "p99": 18742.588082279988
            },
            "success_rate_percent": 100.0
          },
          "with_ocr": null
        },
        "png": {
          "file_type": "png",
          "no_ocr": {
            "sample_count": 2,
            "throughput": {
              "p50": 0.00996463150824648,
              "p95": 0.014146731649926044,
              "p99": 0.014518473884742008
            },
            "memory": {
              "p50": 7139.076096000001,
              "p95": 7139.8520832,
              "p99": 7139.9210598399995
            },
            "duration": {
              "p50": 1953.830605,
              "p95": 1957.4755771,
              "p99": 1957.79957462
            },
            "success_rate_percent": 100.0
          },
          "with_ocr": null
        },
        "html": {
          "file_type": "html",
          "no_ocr": {
            "sample_count": 2,
            "throughput": {
              "p50": 0.0010742597062848125,
              "p95": 0.0013522928667847403,
              "p99": 0.001377006925495845
            },
            "memory": {
              "p50": 7198.107648,
              "p95": 7287.8106624,
              "p99": 7295.78426368
            },
            "duration": {
              "p50": 1948.513304,
              "p95": 1949.8430405000001,
              "p99": 1949.9612393000002
            },
            "success_rate_percent": 100.0
          },
          "with_ocr": null
        },
        "md": {
          "file_type": "md",
          "no_ocr": {
            "sample_count": 2,
            "throughput": {
              "p50": 0.008893858137697259,
              "p95": 0.016342815318574247,
              "p99": 0.017004944845763315
            },
            "memory": {
              "p50": 7102.869504,
              "p95": 7129.632768,
              "p99": 7132.0117248
            },
            "duration": {
              "p50": 1959.3970305,
              "p95": 1972.9332352499998,
              "p99": 1974.1364534499999
            },
            "success_rate_percent": 100.0
          },
          "with_ocr": null
        },
        "jpg": {
          "file_type": "jpg",
          "no_ocr": {
            "sample_count": 1,
            "throughput": {
              "p50": 0.03742777717230557,
              "p95": 0.03742777717230557,
              "p99": 0.03742777717230557
            },
            "memory": {
              "p50": 7097.675776,
              "p95": 7097.675776,
              "p99": 7097.675776
            },
            "duration": {
              "p50": 1970.036347,
              "p95": 1970.036347,
              "p99": 1970.036347
            },
            "success_rate_percent": 100.0
          },
          "with_ocr": null
        },
        "xlsx": {
          "file_type": "xlsx",
          "no_ocr": {
            "sample_count": 3,
            "throughput": {
              "p50": 0.003110868886457079,
              "p95": 0.0780868573292555,
              "p99": 0.08475138963528202
            },
            "memory": {
              "p50": 7275.761664,
              "p95": 7328.1970175999995,
              "p99": 7332.857937919999
            },
            "duration": {
              "p50": 1982.318561,
              "p95": 1982.5484695999999,
              "p99": 1982.56890592
            },
            "success_rate_percent": 100.0
          },
          "with_ocr": null
        },
        "docx": {
          "file_type": "docx",
          "no_ocr": {
            "sample_count": 5,
            "throughput": {
              "p50": 0.007796957816420534,
              "p95": 0.17974229204861367,
              "p99": 0.21380126076108386
            },
            "memory": {
              "p50": 7279.181824,
              "p95": 7328.301056,
              "p99": 7332.49536
            },
            "duration": {
              "p50": 1957.327409,
              "p95": 1972.6888021999998,
              "p99": 1974.3142444399998
            },
            "success_rate_percent": 100.0
          },
          "with_ocr": null
        }
      }
    }
  },
  "disk_sizes": {
    "kreuzberg-csharp": {
      "size_bytes": 14680064,
      "method": "nuget_package",
      "description": ".NET NuGet package"
    }
  },
  "metadata": {
    "total_results": 31,
    "framework_count": 1,
    "file_type_count": 8,
    "timestamp": "2026-01-10T20:14:03.628434134+00:00"
  }
}